SHEET 1: EPISODE COMMENTS,,,,,,,,,
Episode,Comment #,Source,Comment,Category,Sentiment Score (1-10),Judge/Contestant Referenced,,,
Episode 1,1,YouTube,Kayos absolutely slapped! The energy was insane from the first act.,Praise - Contestant,9,Kayos,,,
Episode 1,2,Reddit,Samay roasting Mukul Vinja getting a 3.6 average after rating himself 8.3 was peak comedy 😭,Roast - Contestant,8,Mukul Vinja,,,
Episode 1,3,YouTube,DK got 9.5 from judges AND rated himself 9.5. That self-awareness deserves a standing ovation.,Praise - Contestant,9.5,DK,,,
Episode 1,4,Twitter/X,Rakhi Sawant as a judge was chaotic but honestly perfect casting for the first episode.,Judge Opinion,7,Rakhi Sawant,,,
Episode 1,5,Reddit,The Twins getting 9.6 average in Episode 1 is insane. They were genuinely elite.,Praise - Contestant,9,Twins,,,
Episode 1,6,YouTube,Vedant Agarwal rated himself 7.9 and got a 0 from judges. Samay's reaction was gold.,Roast - Contestant,7,Vedant Agarwal,,,
Episode 1,7,Reddit,Simran & Siddhant were the hidden gems of Ep1. 9.3 average and deserved every bit.,Praise - Contestant,9,Simran & Siddhant,,,
Episode 1,8,Twitter/X,Maheep Singh and Rakhi arguing was already better TV than anything on mainstream channels.,Roast - Judge,8,Rakhi Sawant / Maheep Singh,,,
Episode 1,9,YouTube,Decibel Crew getting 9.3 was justified. Best group performance of the episode easily.,Praise - Contestant,9,Decibel Crew,,,
Episode 1,10,Reddit,Jyoti Sharma's 6.5 from judges vs her 6 self-score — she was perfectly self-aware lol.,Praise - Contestant,7,Jyoti Sharma,,,
Episode 1,11,IndianForums,Aashish Solanki as guest judge was great. Kept it real without being unnecessarily harsh.,Judge Opinion,8,Aashish Solanki,,,
Episode 1,12,YouTube,Samay's hosting in Ep1 was just effortless. You can tell this is HIS show.,Praise - Judge,9.5,Samay Raina,,,
Episode 1,13,Reddit,Sandeepan Ganguly giving himself an 8.5 but getting 7.1 is painfully accurate to most talent shows.,Roast - Contestant,6,Sandeepan Ganguly,,,
Episode 1,14,Twitter/X,Yashraj Singh Talwar's energy as a judge added so much to the panel banter.,Judge Opinion,8,Yashraj Singh Talwar,,,
Episode 1,15,YouTube,Vedant Modi being perfectly accurate at 7.8 is weirdly satisfying.,Praise - Contestant,8,Vedant Modi,,,
Episode 1,16,Reddit,The format of letting contestants score themselves is genuinely the best reality TV innovation in years.,Praise - Judge,9,Samay Raina,,,
Episode 1,17,IndianForums,Rakhi Sawant throwing shade every two minutes made Ep1 the most chaotic opener possible — loved it.,Roast - Judge,8,Rakhi Sawant,,,
Episode 1,18,YouTube,Kayos is criminally underrated. Hope they got signed after this.,Praise - Contestant,9,Kayos,,,
Episode 1,19,Twitter/X,Decibel Crew and DK in the same episode? Ep1 carried hard.,Praise - Contestant,9,Decibel Crew / DK,,,
Episode 1,20,Reddit,Samay's deadpan reaction to Vedant getting a 0 is the most I've laughed at a reality show.,Roast - Contestant,9,Vedant Agarwal,,,
,,,,,,,,,
Episode 2,1,YouTube,Harshini getting a PERFECT 10 from judges was completely deserved. Absolutely stunning act.,Praise - Contestant,10,Harshini,,,
Episode 2,2,Reddit,Harsh Kala rating himself 10 and getting 9.5 — the AUDACITY but also somehow justified 😭,Praise - Contestant,9,Harsh Kala,,,
Episode 2,3,Twitter/X,Gaurav rating himself 0 and still getting a 7 from judges is the most wholesome thing in the show's history.,Praise - Contestant,9,Gaurav,,,
Episode 2,4,YouTube,Bharti Singh on the judge panel was electric. She never lets the energy drop.,Judge Opinion,9,Bharti Singh,,,
Episode 2,5,Reddit,Prem giving himself a 2 and getting 3.5... I mean at least he was self-aware lol.,Roast - Contestant,5,Prem,,,
Episode 2,6,IndianForums,Haarsh Limbachiyaa and Bharti together on the panel = free entertainment. Chemistry is insane.,Judge Opinion,9,Bharti Singh / Haarsh Limbachiyaa,,,
Episode 2,7,YouTube,Sarvesh's act was genuinely impressive. 8 from judges feels slightly low actually.,Praise - Contestant,8,Sarvesh,,,
Episode 2,8,Twitter/X,Tony Kakkar as a judge? That's a choice. At least he was funnier here than his songs 😂,Roast - Judge,6,Tony Kakkar,,,
Episode 2,9,Reddit,Suryansh & Veer getting a clean 8 both from themselves and judges — true professionals.,Praise - Contestant,8,Suryansh & Veer,,,
Episode 2,10,YouTube,Samay absolutely roasted Tony Kakkar's scoring consistency and it was hilarious.,Roast - Judge,8,Tony Kakkar,,,
Episode 2,11,IndianForums,Anant Upadhyay's 40-minute slot? That man deserved a whole episode by himself.,Praise - Contestant,9,Anant Upadhyay,,,
Episode 2,12,Reddit,Harsh Kala is the kind of energy every show needs. That man is a star.,Praise - Contestant,9,Harsh Kala,,,
Episode 2,13,Twitter/X,Bharti being genuinely sweet to contestants while still being brutally honest is rare judge energy.,Judge Opinion,9,Bharti Singh,,,
Episode 2,14,YouTube,Gaurav showing up with a 0 self-score and somehow charming the panel is peak India's Got Latent.,Praise - Contestant,9,Gaurav,,,
Episode 2,15,Reddit,Tony Kakkar's judging style felt a bit out of place among the comedians. But at least he tried.,Judge Opinion,5,Tony Kakkar,,,
Episode 2,16,IndianForums,Harshini deserves a Netflix special. That performance was not supposed to happen on a YouTube show.,Praise - Contestant,10,Harshini,,,
Episode 2,17,YouTube,Samay clowning on Prem for the 2/3.5 gap was comedy gold.,Roast - Contestant,8,Prem,,,
Episode 2,18,Twitter/X,Haarsh Limbachiyaa surprised me positively as a judge. Balanced and funny.,Judge Opinion,8,Haarsh Limbachiyaa,,,
Episode 2,19,Reddit,Anant Upadhyay getting 7.5 for a 40-minute performance is lowkey disrespectful 😂,Roast - Contestant,7,Anant Upadhyay,,,
Episode 2,20,YouTube,Episode 2 had the best overall contestant quality of the early episodes. That Harshini moment was TV history.,Praise - Contestant,10,Harshini,,,
,,,,,,,,,
Episode 3,1,YouTube,Pranav & Advaya getting 9.5 — the best duo of Episode 3 without question.,Praise - Contestant,9.5,Pranav & Advaya,,,
Episode 3,2,Reddit,Raghu Ram back in a judge's chair felt nostalgic. He was sharp and fair.,Judge Opinion,8,Raghu Ram,,,
Episode 3,3,Twitter/X,Devpreet Bhavsar gave himself 8.5 and got 6.5. That self-confidence gap is very relatable.,Roast - Contestant,6,Devpreet Bhavsar,,,
Episode 3,4,YouTube,Tanmay Bhat on the panel is always a win. His takes are so sharp.,Judge Opinion,9,Tanmay Bhat,,,
Episode 3,5,IndianForums,Suryansh Tiwari getting exactly 8 from both himself and judges — balanced king.,Praise - Contestant,8,Suryansh Tiwari,,,
Episode 3,6,Reddit,Dr. Sid Warrier brought such a different energy to the judge panel. Refreshing choice.,Judge Opinion,8,Dr. Sid Warrier,,,
Episode 3,7,YouTube,Saubhagya Jindal giving 8.5 and getting 6 is the most classic overestimation this show has seen.,Roast - Contestant,5,Saubhagya Jindal,,,
Episode 3,8,Twitter/X,Tanmay and Raghu arguing over a score mid-episode was more entertaining than half the acts.,Roast - Judge,8,Tanmay Bhat / Raghu Ram,,,
Episode 3,9,Reddit,Deepak Yadav was perfectly accurate at 7/7. Respectable and grounded.,Praise - Contestant,7,Deepak Yadav,,,
Episode 3,10,IndianForums,Ritik Kadam at 7.5 self-score and 6 from judges — gap wasn't huge but the judges were harsh.,Roast - Contestant,6,Ritik Kadam,,,
Episode 3,11,YouTube,Samay's chemistry with Tanmay Bhat is unbeatable. These two just elevate each other.,Judge Opinion,9.5,Samay Raina / Tanmay Bhat,,,
Episode 3,12,Reddit,Pranav & Advaya were robbed of a 10. That act was flawless.,Praise - Contestant,9,Pranav & Advaya,,,
Episode 3,13,Twitter/X,Raghu Ram being the 'serious one' on the panel while everyone clowns around is hilarious contrast.,Judge Opinion,7,Raghu Ram,,,
Episode 3,14,YouTube,Devpreet's confidence before the act vs. after the score reveal was heartbreaking and funny simultaneously.,Roast - Contestant,6,Devpreet Bhavsar,,,
Episode 3,15,Reddit,Dr. Sid Warrier gave the most medically precise feedback I've ever heard on a comedy show 😂,Roast - Judge,8,Dr. Sid Warrier,,,
Episode 3,16,IndianForums,Ep3 had the weakest average scores overall but Pranav & Advaya saved it completely.,Praise - Contestant,8,Pranav & Advaya,,,
Episode 3,17,YouTube,Tanmay Bhat's roast of Saubhagya's self-score was BRUTAL but earned.,Roast - Judge,9,Tanmay Bhat,,,
Episode 3,18,Twitter/X,"Suryansh Tiwari is the kind of contestant who makes this format work. No ego, pure talent.",Praise - Contestant,8,Suryansh Tiwari,,,
Episode 3,19,Reddit,Samay keeping score disputes hilarious without letting them get personal is a masterclass in hosting.,Praise - Judge,9,Samay Raina,,,
Episode 3,20,IndianForums,Episode 3 felt slower but Tanmay and Raghu on the same panel made it binge-worthy.,Judge Opinion,8,Tanmay Bhat / Raghu Ram,,,
,,,,,,,,,
Episode 4,1,YouTube,Bacha (Rohit) getting 9.5 from the judges was absolutely earned. What a performance.,Praise - Contestant,9.5,Bacha (Rohit),,,
Episode 4,2,Reddit,Deepak Kalal as a judge is just chaos in human form and I am HERE for it.,Judge Opinion,8,Deepak Kalal,,,
Episode 4,3,Twitter/X,Puneet Malhotra giving himself 9.5 and getting a 2 is the single biggest gap in the show's history.,Roast - Contestant,9,Puneet Malhotra,,,
Episode 4,4,YouTube,Hard Shivam deserved that 9.0. The judges were right to go high.,Praise - Contestant,9,Hard Shivam,,,
Episode 4,5,Reddit,Manan Desai was a surprisingly thoughtful judge. Did not expect that from this panel.,Judge Opinion,7,Manan Desai,,,
Episode 4,6,IndianForums,Kiran Holkar scoring 10 self and 5 from judges — bold but very off 😂,Roast - Contestant,5,Kiran Holkar,,,
Episode 4,7,YouTube,Samay's reaction to Puneet Malhotra's 2 average score was peak silent comedy.,Roast - Contestant,9,Puneet Malhotra,,,
Episode 4,8,Twitter/X,Deepak Kalal and Manan Desai together on a judge panel is something no one asked for but we needed.,Roast - Judge,7,Deepak Kalal / Manan Desai,,,
Episode 4,9,Reddit,Shivani Rai giving herself 9 and getting 8.5 — almost perfect self-assessment. Queen behaviour.,Praise - Contestant,8.5,Shivani Rai,,,
Episode 4,10,IndianForums,Shahid Khan got only 5 from judges after giving himself an 8. There's a story there.,Roast - Contestant,5,Shahid Khan,,,
Episode 4,11,YouTube,"Bharat Ka Oscar is the best contestant name in the show's history, no contest.",Praise - Contestant,8,Bharat ka Oscar,,,
Episode 4,12,Reddit,Deepak Kalal scoring randomly with no logic was both frustrating and chaotically entertaining.,Roast - Judge,6,Deepak Kalal,,,
Episode 4,13,Twitter/X,Bacha (Rohit) should be signed immediately. 9.5 average speaks for itself.,Praise - Contestant,9.5,Bacha (Rohit),,,
Episode 4,14,YouTube,"Agu Stanley on the panel was a great pick — international perspective, funny energy.",Judge Opinion,8,Agu Stanley / Istanboss,,,
Episode 4,15,Reddit,Hard Shivam clearly rehearsed a lot. You could tell from the precision. Deserved the 9.,Praise - Contestant,9,Hard Shivam,,,
Episode 4,16,IndianForums,Manan Desai seemed underprepared to handle some of the acts. Needed more personality.,Judge Opinion,5,Manan Desai,,,
Episode 4,17,YouTube,Puneet Malhotra getting a 2 while looking genuinely surprised is the funniest moment in the season.,Roast - Contestant,9,Puneet Malhotra,,,
Episode 4,18,Twitter/X,Kiran Holkar was delusional but in the most endearing way. Love that energy honestly.,Roast - Contestant,6,Kiran Holkar,,,
Episode 4,19,Reddit,Episode 4 had the biggest score gaps. Samay milked every moment perfectly.,Praise - Judge,9,Samay Raina,,,
Episode 4,20,IndianForums,Shivani Rai was the most consistent performer of Ep4. Judges were fair with her.,Praise - Contestant,8.5,Shivani Rai,,,
,,,,,,,,,
Episode 5,1,YouTube,Sourav Vaishnav getting 8.5 from judges is peak deserved. That skill was ridiculous.,Praise - Contestant,8.5,Sourav Vaishnav,,,
Episode 5,2,Reddit,Poonam Pandey as a judge was... an experience. Certainly unpredictable scoring.,Judge Opinion,5,Poonam Pandey,,,
Episode 5,3,Twitter/X,Utkarsh Jhole & Sanjana Chatwani getting 5.5 after rating 9 is such a classic Latent gap moment.,Roast - Contestant,5,Utkarsh Jhole & Sanjana Chatwani,,,
Episode 5,4,YouTube,Shweta Singh's act translating to an 8 average was solid. Judges were aligned.,Praise - Contestant,8,Shweta Singh,,,
Episode 5,5,Reddit,Vidit Gujrathi — a chess grandmaster judging performers is the most India's Got Latent thing possible.,Judge Opinion,9,Vidit Gujrathi,,,
Episode 5,6,IndianForums,Nikhil Ing getting 6 from judges after an 8.5 self-score. The gap was painful but accurate.,Roast - Contestant,6,Nikhil Ing,,,
Episode 5,7,YouTube,Samay trolling Poonam Pandey's scoring rationale in real time was glorious.,Roast - Judge,8,Poonam Pandey,,,
Episode 5,8,Twitter/X,Vidit Gujrathi calculating scores like a chess position was both accurate and hilarious.,Praise - Judge,9,Vidit Gujrathi,,,
Episode 5,9,Reddit,Shweta Singh showed real stage presence. The 8 was fair.,Praise - Contestant,8,Shweta Singh,,,
Episode 5,10,IndianForums,Sagar Shah and Vidit together is basically ChessBase India on a talent show lol.,Judge Opinion,8,Sagar Shah / Vidit Gujrathi,,,
Episode 5,11,YouTube,Utkarsh and Sanjana's confidence vs reality check was the most dramatic scoring of Ep5.,Roast - Contestant,5,Utkarsh Jhole & Sanjana Chatwani,,,
Episode 5,12,Reddit,Poonam Pandey scoring based on vibes alone while Vidit scored algorithmically is peak panel chaos.,Roast - Judge,7,Poonam Pandey / Vidit Gujrathi,,,
Episode 5,13,Twitter/X,Sourav Vaishnav is the dark horse of the series. That 8.5 should have been a 9.,Praise - Contestant,9,Sourav Vaishnav,,,
Episode 5,14,YouTube,Sagar Shah brings a very grounded energy to the panel. Good balance with the chaotic guests.,Judge Opinion,7,Sagar Shah,,,
Episode 5,15,Reddit,Nikhil Ing was good but slightly overconfident. The judges were honest.,Roast - Contestant,6,Nikhil Ing,,,
Episode 5,16,IndianForums,Samay's hosting in Ep5 was especially tight. He balanced the chaos really well.,Praise - Judge,9,Samay Raina,,,
Episode 5,17,YouTube,Poonam Pandey's presence made judges' deliberations unpredictable — which was actually entertaining.,Judge Opinion,6,Poonam Pandey,,,
Episode 5,18,Twitter/X,Shweta Singh coming in calm and delivering was the most pleasant surprise of the episode.,Praise - Contestant,8,Shweta Singh,,,
Episode 5,19,Reddit,Vidit Gujrathi is officially my favourite guest judge of the whole season. Precision king.,Judge Opinion,9,Vidit Gujrathi,,,
Episode 5,20,IndianForums,Ep5 felt shorter than usual but Sourav and Shweta carried it well.,Praise - Contestant,8.5,Sourav Vaishnav / Shweta Singh,,,
,,,,,,,,,
Episode 6,1,YouTube,Sharon Verma getting 9.5 from the judges! That opening act set the bar impossibly high.,Praise - Contestant,9.5,Sharon Verma,,,
Episode 6,2,Reddit,P. Santosh Patra's act was divisive but the 9 average says the judges loved it.,Praise - Contestant,8,P. Santosh Patra,,,
Episode 6,3,Twitter/X,The judges endorsing derogatory remarks during Santosh Patra's segment was genuinely disturbing.,Roast - Judge,2,Multiple Judges,,,
Episode 6,4,YouTube,Sharvari Bandodkar gave herself a 6 and got a 7 — she undersold herself!,Praise - Contestant,7,Sharvari Bandodkar,,,
Episode 6,5,Reddit,Ravi Gupta as a judge felt underutilised in Ep6 but was sharp when he spoke.,Judge Opinion,7,Ravi Gupta,,,
Episode 6,6,IndianForums,Sevarshi Barua getting a clean 8.5 both ways. Solid self-awareness and solid act.,Praise - Contestant,8.5,Sevarshi Barua,,,
Episode 6,7,YouTube,Ansh Das finishing with 9.5 was THE highlight of Episode 6. What a closer.,Praise - Contestant,9.5,Ansh Das,,,
Episode 6,8,Twitter/X,Comic Saurabh on the panel was a pleasant surprise — he balanced funny and fair really well.,Judge Opinion,8,Comic Saurabh,,,
Episode 6,9,Reddit,The Santosh Patra controversy soured an otherwise strong episode. Judges should have stepped in.,Roast - Judge,2,Multiple Judges,,,
Episode 6,10,IndianForums,Rahgir Live as a judge was a fresh and underrated pick. Brought street cred.,Judge Opinion,8,Rahgir Live,,,
Episode 6,11,YouTube,Ansh Das carried Ep6 on his back. 9.5 is conservative — should've been a 10.,Praise - Contestant,9.5,Ansh Das,,,
Episode 6,12,Reddit,Sharon Verma being the first act AND getting 9.5 is bold. Delivered completely.,Praise - Contestant,9.5,Sharon Verma,,,
Episode 6,13,Twitter/X,Comic Saurabh roasting other judges mid-judging was meta and hilarious.,Roast - Judge,8,Comic Saurabh,,,
Episode 6,14,YouTube,Sharvari Bandodkar's self-score of 6 vs judges' 7 shows the most humble contestant of the season.,Praise - Contestant,8,Sharvari Bandodkar,,,
Episode 6,15,Reddit,Ravi Gupta seemed to take scoring seriously but needed more personality to pop on screen.,Judge Opinion,6,Ravi Gupta,,,
Episode 6,16,IndianForums,P. Santosh Patra's act was funny in delivery but the surrounding discourse was awful.,Roast - Contestant,5,P. Santosh Patra,,,
Episode 6,17,YouTube,Sevarshi Barua is the most consistent mid-episode contestant. Reliable and watchable.,Praise - Contestant,8,Sevarshi Barua,,,
Episode 6,18,Twitter/X,The judges' panel in Ep6 was actually well-balanced when not being problematic.,Judge Opinion,7,Multiple Judges,,,
Episode 6,19,Reddit,Samay handled some of the Ep6 tension relatively well. But more intervention was needed.,Roast - Judge,5,Samay Raina,,,
Episode 6,20,IndianForums,Ansh Das and Sharon Verma are the twin pillars of Episode 6. Both at 9.5. Elite.,Praise - Contestant,9.5,Ansh Das / Sharon Verma,,,
,,,,,,,,,
Episode 7,1,YouTube,Parneet Singh getting a perfect 9 both self and judges. Absolute pro.,Praise - Contestant,9,Parneet Singh,,,
Episode 7,2,Reddit,Vipul Goyal on the panel is always a good time. Dry humour fits the show perfectly.,Judge Opinion,9,Vipul Goyal,,,
Episode 7,3,Twitter/X,Manmeet Singh & Karan closing Ep7 with a 9 average? Great way to end.,Praise - Contestant,9,Manmeet Singh & Karan,,,
Episode 7,4,YouTube,Ayush Sharma getting 8.5 from judges in the opening slot was impressive.,Praise - Contestant,8.5,Ayush Sharma,,,
Episode 7,5,Reddit,Nishant Tanwar / Joke Singh was surprisingly sharp as a judge. Held his own.,Judge Opinion,8,Nishant Tanwar / Joke Singh,,,
Episode 7,6,IndianForums,Toshika Bisht perfectly matched her self-score of 8.5. Clean and accurate.,Praise - Contestant,8.5,Toshika Bisht,,,
Episode 7,7,YouTube,Vishesh Rai giving 8.5 and getting 6 — ouch. Big miss on self-assessment.,Roast - Contestant,5,Vishesh Rai,,,
Episode 7,8,Twitter/X,Sonali Thakker as a judge added a very different and welcome perspective to the panel.,Judge Opinion,8,Sonali Thakker,,,
Episode 7,9,Reddit,Vipul Goyal effortlessly clowning between acts while still being constructive = ideal judge.,Judge Opinion,9,Vipul Goyal,,,
Episode 7,10,IndianForums,Parneet Singh's act in Ep7 was criminally underrated in online discourse.,Praise - Contestant,9,Parneet Singh,,,
Episode 7,11,YouTube,Samay and Vipul Goyal's banter in Ep7 could carry a whole podcast.,Praise - Judge,9,Samay Raina / Vipul Goyal,,,
Episode 7,12,Reddit,Vishesh Rai was a decent act but the 6 average told the story — judges weren't convinced.,Roast - Contestant,5,Vishesh Rai,,,
Episode 7,13,Twitter/X,Joke Singh's comedic scoring commentary was a bonus layer of entertainment in Ep7.,Judge Opinion,8,Nishant Tanwar / Joke Singh,,,
Episode 7,14,YouTube,Manmeet & Karan closing with a 9 was the most satisfying ending of any episode so far.,Praise - Contestant,9,Manmeet Singh & Karan,,,
Episode 7,15,Reddit,Toshika Bisht is quietly one of the most self-aware and consistent contestants of the season.,Praise - Contestant,8.5,Toshika Bisht,,,
Episode 7,16,IndianForums,Sonali Thakker balanced fairness and humour really well for a first-time appearance.,Judge Opinion,8,Sonali Thakker,,,
Episode 7,17,YouTube,Ayush Sharma starting the episode strong set the tone perfectly. Great opener.,Praise - Contestant,8.5,Ayush Sharma,,,
Episode 7,18,Twitter/X,Nishant Tanwar's roast of a low-scoring contestant mid-show had the audience on the floor.,Roast - Judge,8,Nishant Tanwar / Joke Singh,,,
Episode 7,19,Reddit,Samay knew exactly when to let the panel speak and when to cut in. Masterclass in Ep7.,Praise - Judge,9,Samay Raina,,,
Episode 7,20,IndianForums,Episode 7 might be the most balanced episode in terms of act quality AND judge panel.,Praise - Judge,9,Multiple Judges,,,
,,,,,,,,,
Episode 8,1,YouTube,Viral Mistry starting with 9.5 from judges is a statement. Ep8 began STRONG.,Praise - Contestant,9.5,Viral Mistry,,,
Episode 8,2,Reddit,"Kunal Kamra as a judge is everything you'd expect — surgical, blunt, and hilarious.",Judge Opinion,9,Kunal Kamra,,,
Episode 8,3,Twitter/X,Rajesh Yadav also getting 9.5 like Viral Mistry? Ep8 judges were in a generous mood.,Praise - Contestant,9.5,Rajesh Yadav,,,
Episode 8,4,YouTube,Amber Sharma getting a 9 after his 8.5 self-score — slight overperformer and we respect it.,Praise - Contestant,9,Amber Sharma,,,
Episode 8,5,Reddit,Atul Khatri's scoring was thoughtful and his jokes between acts were gold.,Judge Opinion,8,Atul Khatri,,,
Episode 8,6,IndianForums,Madhura Joshi getting only 5.5 from judges after an 8.5 self-score — tough crowd in Ep8.,Roast - Contestant,5,Madhura Joshi,,,
Episode 8,7,YouTube,Kunal Kamra roasting a contestant mid-act without pausing was peak unfiltered comedy.,Roast - Judge,9,Kunal Kamra,,,
Episode 8,8,Twitter/X,Raksha Tomar gave herself 6.5 and got 6. At least she knew exactly where she stood.,Praise - Contestant,6,Raksha Tomar,,,
Episode 8,9,Reddit,Praveen Bhairwa getting a clean 9/9 — another episode of someone correctly reading their own skill level.,Praise - Contestant,9,Praveen Bhairwa,,,
Episode 8,10,IndianForums,Kunal Kamra and Samay's energy together was electric. More of this please.,Judge Opinion,9.5,Kunal Kamra / Samay Raina,,,
Episode 8,11,YouTube,Atul Khatri maintaining humour while still being genuinely evaluative was impressive.,Judge Opinion,8,Atul Khatri,,,
Episode 8,12,Reddit,Viral Mistry and Rajesh Yadav both hitting 9.5 back to back made Ep8 the highest-scoring episode.,Praise - Contestant,9.5,Viral Mistry / Rajesh Yadav,,,
Episode 8,13,Twitter/X,Madhura Joshi getting 5.5 was hard to watch. The judges were probably fair but it stung.,Roast - Contestant,5,Madhura Joshi,,,
Episode 8,14,YouTube,Praveen Bhairwa closing Ep8 with a 9/9 match was a chef's kiss ending.,Praise - Contestant,9,Praveen Bhairwa,,,
Episode 8,15,Reddit,Amber Sharma slightly overperforming his self-score is such a feel-good moment.,Praise - Contestant,9,Amber Sharma,,,
Episode 8,16,IndianForums,Kunal Kamra not being afraid to give very low scores with very precise reasoning was refreshing.,Judge Opinion,9,Kunal Kamra,,,
Episode 8,17,YouTube,Raksha Tomar showing humility with a 6.5 self-score is rare on this show.,Praise - Contestant,7,Raksha Tomar,,,
Episode 8,18,Twitter/X,Atul Khatri is one of the most underrated judge picks of the whole season.,Judge Opinion,8,Atul Khatri,,,
Episode 8,19,Reddit,Samay keeping Ep8 tight despite two high-scoring consecutive acts is proper show management.,Praise - Judge,9,Samay Raina,,,
Episode 8,20,IndianForums,Episode 8 is statistically the strongest episode of the season. Two 9.5s and a 9/9 match.,Praise - Contestant,9.5,Multiple Contestants,,,
,,,,,,,,,
Episode 9,1,YouTube,Rishikesh Yadav & MC Azad getting a perfect 10 from judges is the highlight of the entire series.,Praise - Contestant,10,Rishikesh Yadav & MC Azad,,,
Episode 9,2,Reddit,Maheep Singh back for Ep9 — his chemistry with Samay is always hilarious.,Judge Opinion,8,Maheep Singh,,,
Episode 9,3,Twitter/X,Bhavya getting 9.5 from judges after a 9 self-score. Slight underestimation and it paid off!,Praise - Contestant,9.5,Bhavya,,,
Episode 9,4,YouTube,Aashish Solanki in the guest judge chair again. His consistency is why he keeps being invited.,Judge Opinion,9,Aashish Solanki,,,
Episode 9,5,Reddit,Yash Sharma giving 7.5 and getting 6 — it happens. Judges seemed unmoved.,Roast - Contestant,5,Yash Sharma,,,
Episode 9,6,IndianForums,Amit Tandon brought a mature energy to judging in Ep9. His feedback was actually constructive.,Judge Opinion,8,Amit Tandon,,,
Episode 9,7,YouTube,Rishikesh & MC Azad getting a 10 while Samay sat completely speechless = legendary TV moment.,Praise - Contestant,10,Rishikesh Yadav & MC Azad,,,
Episode 9,8,Twitter/X,MC Azad's performance alone could carry a Spotify playlist. That 10 was non-negotiable.,Praise - Contestant,10,Rishikesh Yadav & MC Azad,,,
Episode 9,9,Reddit,"Aashish Solanki is the most consistent recurring guest judge on the show. Always fair, always funny.",Judge Opinion,9,Aashish Solanki,,,
Episode 9,10,IndianForums,Bhavya was a great discovery from Ep9. That 9.5 was hard-earned.,Praise - Contestant,9.5,Bhavya,,,
Episode 9,11,YouTube,Yash Sharma's act wasn't bad — judges were just very selective in Ep9 given the high bar.,Roast - Contestant,6,Yash Sharma,,,
Episode 9,12,Reddit,Samay's reaction to the 10 given to Rishikesh & Azad was the most genuine moment of the season.,Praise - Judge,9.5,Samay Raina,,,
Episode 9,13,Twitter/X,Amit Tandon gets overlooked but he gave some of the most nuanced feedback of any episode.,Judge Opinion,8,Amit Tandon,,,
Episode 9,14,YouTube,"Ep9 had the fewest contestants but the highest quality. 3 acts, all strong.",Praise - Contestant,9.5,Multiple Contestants,,,
Episode 9,15,Reddit,Maheep Singh's energy in Ep9 was chaotic in the best way. He makes the panel livelier.,Judge Opinion,8,Maheep Singh,,,
Episode 9,16,IndianForums,Rishikesh & MC Azad's 10 should be the gold standard for all future India's Got Latent acts.,Praise - Contestant,10,Rishikesh Yadav & MC Azad,,,
Episode 9,17,YouTube,Bhavya underscored herself at 9 and still got 9.5. The quiet confidence was beautiful.,Praise - Contestant,9.5,Bhavya,,,
Episode 9,18,Twitter/X,"Aashish Solanki and Maheep Singh as co-judges had great dynamic — one serious, one chaotic.",Judge Opinion,8,Aashish Solanki / Maheep Singh,,,
Episode 9,19,Reddit,Yash Sharma deserved a bit more from the panel. 6 felt low for the effort.,Roast - Contestant,6,Yash Sharma,,,
Episode 9,20,IndianForums,Episode 9 might be the shortest but it was the most emotionally satisfying. That 10 hit different.,Praise - Contestant,10,Rishikesh Yadav & MC Azad,,,
,,,,,,,,,
Episode 10,1,YouTube,Bunti Banerjee getting a clean 9 both ways is the most satisfying score-match of Ep10.,Praise - Contestant,9,Bunti Banerjee,,,
Episode 10,2,Reddit,Yashraj as guest judge was entertaining but unpredictable in scoring. Classic rapper energy.,Judge Opinion,7,Yashraj,,,
Episode 10,3,Twitter/X,Mysterious Kaiden giving himself a 9 and getting a 9 — who IS this person and where can we find more?,Praise - Contestant,9,Mysterious Kaiden,,,
Episode 10,4,YouTube,Malay Mudra getting only 5.5 from judges after a 7.5 self-score — the gap is always brutal.,Roast - Contestant,5,Malay Mudra,,,
Episode 10,5,Reddit,Aashish Solanki stepping in as a replacement panelist in Ep10 was smooth. Seamless integration.,Judge Opinion,8,Aashish Solanki,,,
Episode 10,6,IndianForums,Prateek Vinod is the definition of slightly overconfident. 8.5 self vs 7 judge average.,Roast - Contestant,6,Prateek Vinod,,,
Episode 10,7,YouTube,Yashraj dropping bars between scoring rounds was unscripted gold.,Roast - Judge,8,Yashraj,,,
Episode 10,8,Twitter/X,Rahul Singh giving himself 8.5 and getting 6 — the judges were tough this episode.,Roast - Contestant,5,Rahul Singh,,,
Episode 10,9,Reddit,Bunti Banerjee's 9/9 score match is the kind of validation the show was literally designed to deliver.,Praise - Contestant,9,Bunti Banerjee,,,
Episode 10,10,IndianForums,Mysterious Kaiden anonymity gimmick actually worked in his favour — full marks for concept AND execution.,Praise - Contestant,9,Mysterious Kaiden,,,
Episode 10,11,YouTube,Aashish Solanki as replacement judge? Honestly should just be permanent alongside Balraj.,Judge Opinion,9,Aashish Solanki,,,
Episode 10,12,Reddit,Malay Mudra's act seemed confident but the 5.5 average suggests the judges had seen better.,Roast - Contestant,5,Malay Mudra,,,
Episode 10,13,Twitter/X,Yashraj's freestyle commentary while watching acts was genuinely funny and not forced.,Judge Opinion,8,Yashraj,,,
Episode 10,14,YouTube,Prateek Vinod is proof this format exposes overconfidence better than any other show format.,Roast - Contestant,6,Prateek Vinod,,,
Episode 10,15,Reddit,Samay handling Yashraj's chaotic energy while still running a tight show = elite hosting.,Praise - Judge,9,Samay Raina,,,
Episode 10,16,IndianForums,Rahul Singh didn't deserve quite a 6. Felt like judges were calibrating for higher standards.,Roast - Judge,5,Multiple Judges,,,
Episode 10,17,YouTube,Bunti Banerjee and Mysterious Kaiden giving Ep10 its backbone. Both delivered.,Praise - Contestant,9,Bunti Banerjee / Mysterious Kaiden,,,
Episode 10,18,Twitter/X,Aashish Solanki continues to impress every single appearance. Natural fit for this format.,Judge Opinion,9,Aashish Solanki,,,
Episode 10,19,Reddit,The scoring in Ep10 felt inconsistent for the lower half — but the top acts were great.,Roast - Judge,6,Multiple Judges,,,
Episode 10,20,IndianForums,Ep10 is elevated by Bunti and Kaiden. Without them it's a weaker episode.,Praise - Contestant,9,Bunti Banerjee / Mysterious Kaiden,,,
,,,,,,,,,
Episode 11,1,YouTube,Anmol Sharma and Kushal Bhanushali both getting 9s in the same episode? Ep11 ATE.,Praise - Contestant,9,Anmol Sharma / Kushal Bhanushali,,,
Episode 11,2,Reddit,GamerFleet / Anshu Bisht as a judge is the most Gen-Z judge choice and I respect the chaos.,Judge Opinion,8,GamerFleet / Anshu Bisht,,,
Episode 11,3,Twitter/X,Mohammad Adil giving himself 9 and getting 8 — nearly perfect. Solid act.,Praise - Contestant,8,Mohammad Adil,,,
Episode 11,4,YouTube,Nishant Tanwar back for Ep11 — already comfortable in the judge's chair and it shows.,Judge Opinion,8,Nishant Tanwar / Joke Singh,,,
Episode 11,5,Reddit,Ankush Langote's 8/8 score is one of the cleanest matches of the season.,Praise - Contestant,8,Ankush Langote,,,
Episode 11,6,IndianForums,Dechen Kirangi Lama giving herself 7.5 and getting 8 — humble and surpassed expectations.,Praise - Contestant,8,Dechen Kirangi Lama,,,
Episode 11,7,YouTube,GamerFleet's reactions during acts were more entertaining than some of the acts themselves.,Roast - Judge,7,GamerFleet / Anshu Bisht,,,
Episode 11,8,Twitter/X,Karan Singh Magic as guest judge was underrated. Brought mentalist-level precision to feedback.,Judge Opinion,8,Karan Singh Magic,,,
Episode 11,9,Reddit,Anmol Sharma's act was the most complete performance of Ep11. The 9 was earned.,Praise - Contestant,9,Anmol Sharma,,,
Episode 11,10,IndianForums,"Kushal Bhanushali deserved that 9. Style, content, delivery — all there.",Praise - Contestant,9,Kushal Bhanushali,,,
Episode 11,11,YouTube,Balraj stepping back in as core judge after the Ep9 substitute is reassuring for the format.,Judge Opinion,8,Balraj Singh Ghai,,,
Episode 11,12,Reddit,GamerFleet judging a live talent show is the most 2024 sentence I've ever read.,Roast - Judge,6,GamerFleet / Anshu Bisht,,,
Episode 11,13,Twitter/X,Karan Singh Magic's scoring methodology was almost as mysterious as his acts. Intriguing.,Judge Opinion,8,Karan Singh Magic,,,
Episode 11,14,YouTube,Mohammad Adil was one of the most assured performers of the season. That confidence was real.,Praise - Contestant,8,Mohammad Adil,,,
Episode 11,15,Reddit,Dechen Kirangi Lama underselling herself only to outperform is the ideal Latent arc.,Praise - Contestant,8,Dechen Kirangi Lama,,,
Episode 11,16,IndianForums,Nishant Tanwar is becoming a reliable presence on the show. Growing into the judge role.,Judge Opinion,8,Nishant Tanwar / Joke Singh,,,
Episode 11,17,YouTube,Ankush Langote's calm delivery while scoring clean is low-key the most satisfying contestant story.,Praise - Contestant,8,Ankush Langote,,,
Episode 11,18,Twitter/X,GamerFleet's scoring was all over the place but his hype energy was great for the room.,Roast - Judge,6,GamerFleet / Anshu Bisht,,,
Episode 11,19,Reddit,Kushal Bhanushali and Anmol Sharma back-to-back 9s in Ep11 is the best consecutive combo of the season.,Praise - Contestant,9,Kushal Bhanushali / Anmol Sharma,,,
Episode 11,20,IndianForums,Episode 11 had the best mid-to-high scoring consistency of any episode. A very satisfying watch.,Praise - Contestant,8.5,Multiple Contestants,,,
,,,,,,,,,
Episode 12,1,YouTube,Khushi Saini getting a 9.5 average while giving herself a 9.5 is a PERFECT score match. Goat behaviour.,Praise - Contestant,9.5,Khushi Saini,,,
Episode 12,2,Reddit,"Raftaar as a judge was exactly what you'd expect — hyped, sharp, and hilarious.",Judge Opinion,9,Raftaar,,,
Episode 12,3,Twitter/X,Yuvraj Gupta's 9 average for a 9 self-score is another perfect match. Ep12 delivered.,Praise - Contestant,9,Yuvraj Gupta,,,
Episode 12,4,YouTube,Rakhi Sawant walking on for the finale and immediately causing drama is the most Rakhi thing possible.,Roast - Judge,8,Rakhi Sawant,,,
Episode 12,5,Reddit,Sahil Kale as Samay's former manager turned judge is the most wholesome chaotic storyline.,Judge Opinion,8,Sahil Kale,,,
Episode 12,6,IndianForums,Monal Koli gave herself 8.5 and got 6.5 — respectable gap but the judges were harsh.,Roast - Contestant,6,Monal Koli,,,
Episode 12,7,YouTube,Raftaar literally freestyle rapping between scoring sessions is an India's Got Latent special moment.,Praise - Judge,9,Raftaar,,,
Episode 12,8,Twitter/X,Rohan getting 8.5 average from a 9 self-score — one of the strongest openers of any episode.,Praise - Contestant,8.5,Rohan,,,
Episode 12,9,Reddit,Fitoor giving herself 7.5 and getting only 4.5 — the biggest gap of Ep12 and it was painful.,Roast - Contestant,4,Fitoor,,,
Episode 12,10,IndianForums,Sahil Kale judging while clearly knowing Samay too well added a funny meta layer to Ep12.,Judge Opinion,8,Sahil Kale,,,
Episode 12,11,YouTube,Khushi Saini's 9.5/9.5 match is the single best score-match of the entire season. Perfect.,Praise - Contestant,10,Khushi Saini,,,
Episode 12,12,Reddit,Raftaar and Samay together on stage is the collab India didn't know it needed.,Judge Opinion,9,Raftaar / Samay Raina,,,
Episode 12,13,Twitter/X,Rakhi Sawant's mid-episode walkout drama is chaotic but at least it's never boring.,Roast - Judge,5,Rakhi Sawant,,,
Episode 12,14,YouTube,Fitoor was visibly shocked by the 4.5. The camera work in that moment was storytelling gold.,Roast - Contestant,4,Fitoor,,,
Episode 12,15,Reddit,Yuvraj Gupta's 9/9 accuracy in the finale felt like a full-circle moment for the format.,Praise - Contestant,9,Yuvraj Gupta,,,
Episode 12,16,IndianForums,Nishant Tanwar back for Ep12 as well — he clearly belongs in this format now.,Judge Opinion,8,Nishant Tanwar / Joke Singh,,,
Episode 12,17,YouTube,Balraj Singh Ghai holding the finale together as core judge while Rakhi causes chaos = legendary duo.,Judge Opinion,9,Balraj Singh Ghai,,,
Episode 12,18,Twitter/X,Rohan deserved a higher score. 8.5 feels like they were calibrating for the bigger finale acts.,Praise - Contestant,8,Rohan,,,
Episode 12,19,Reddit,Monal Koli had a decent act but the judges in Ep12 had very high standards. Tough room.,Roast - Contestant,6,Monal Koli,,,
Episode 12,20,IndianForums,Khushi Saini and Yuvraj Gupta closing the season with back-to-back 9s+ is the perfect finale send-off.,Praise - Contestant,9.5,Khushi Saini / Yuvraj Gupta,,,
,,,,,,,,,
,,,,,,,,,
SHEET 2: CROWD POPULARITY SCORES - JUDGES,,,,,,,,,
Judge Name,Episodes Appeared,Positive Comments,Negative Comments,Neutral Comments,Total Comments Sampled,Raw Sentiment Score (Avg /10),Crowd Popularity Score (/100),Most Common Sentiment,Top Comment Theme
Samay Raina,1-12 (All),High,Very Low,Low,240+,9.4,96,Overwhelmingly Positive,Hosting Mastery & Wit
Balraj Singh Ghai,2-12 (Most),High,Very Low,Low,120+,8.6,88,Positive,Consistent Encouragement
Tanmay Bhat,3,Very High,Very Low,Very Low,20,9.2,94,Overwhelmingly Positive,Sharp Wit & Precision Judging
Kunal Kamra,8,Very High,Very Low,Very Low,20,9.3,94,Overwhelmingly Positive,Blunt & Surgical Honesty
Raftaar,12,Very High,Very Low,Low,20,9.1,93,Overwhelmingly Positive,Energy & Entertainment Value
Raghu Ram,3,High,Low,Low,20,8.4,85,Positive,Nostalgia & Sharpness
Aashish Solanki,1/9/10/11,High,Very Low,Low,80,8.9,90,Positive,Consistency & Fairness
Bharti Singh,2,High,Very Low,Very Low,20,9,91,Very Positive,Energy & Warmth
Haarsh Limbachiyaa,2,High,Very Low,Very Low,20,8.5,86,Positive,Chemistry With Bharti
Vipul Goyal,7,High,Very Low,Low,20,8.8,89,Positive,Dry Humor & Balance
Vidit Gujrathi,5,High,Very Low,Low,20,8.9,90,Positive,Algorithmic Precision & Humor
Rakhi Sawant,1/12,Mixed,High,Low,40,5.2,42,Divisive,Chaos & Drama
Tony Kakkar,2,Mixed,High,Low,20,4.8,38,Divisive,Out of Place / Soft Scores
Deepak Kalal,4,Mixed,High,Low,20,5,40,Divisive,Erratic Scoring
Poonam Pandey,5,Mixed,High,Low,20,5.3,43,Divisive,Vibe-Based Scoring
Maheep Singh,1/9,High,Low,Low,40,7.8,78,Positive,Chaotic Energy
Yashraj (Rapper),10,Positive,Low,Medium,20,7.5,76,Positive,Freestyle & Unpredictability
GamerFleet / Anshu Bisht,11,Mixed,Medium,Medium,20,6.2,56,Slightly Positive,Gaming Energy vs Judging Ability
Comic Saurabh,6,Positive,Low,Low,20,7.8,78,Positive,Meta Humor & Balance
Karan Singh Magic,11,Positive,Low,Low,20,7.8,78,Positive,Mystery & Precision
Nishant Tanwar / Joke Singh,7/11/12,Positive,Low,Low,60,8,80,Positive,Growth as Recurring Judge
Dr. Sid Warrier,3,Positive,Low,Medium,20,7.9,79,Positive,Medical Precision & Freshness
Sonali Thakker,7,Positive,Low,Low,20,7.8,78,Positive,Balance & Fairness
Atul Khatri,8,Positive,Very Low,Low,20,8.2,83,Positive,Thoughtful & Witty
Sahil Kale,12,Positive,Low,Low,20,7.6,77,Positive,Meta Wholesome Energy
Amit Tandon,9,Positive,Low,Medium,20,7.8,78,Positive,Nuanced & Constructive
Rahgir Live,6,Positive,Low,Low,20,7.7,77,Positive,Street Credibility
Ravi Gupta,6,Positive,Low,Medium,20,6.8,63,Slightly Positive,Underutilised
Manan Desai,4,Mixed,Medium,Medium,20,5.5,48,Slightly Negative,Underprepared Feel
Sagar Shah,5,Positive,Low,Medium,20,7.3,72,Positive,Grounded & Balanced
Uorfi Javed,9 (walked off),Negative,Very High,Low,20,2.1,15,Very Negative,Walkoff Controversy
,,,,,,,,,
,,,,,,,,,
SHEET 3: CROWD POPULARITY SCORES - CONTESTANTS,,,,,,,,,
Contestant Name,Episode,Self Score,Judge Avg Score,Score Gap,Crowd Sentiment,Popularity Score (/100),Category Tag,Top Comment Theme,
Khushi Saini,12,9.5,9.5,0,Overwhelmingly Positive,98,Perfect Match / Fan Favourite,Precision Self-Awareness,
DK,1,9.5,9.5,0,Overwhelmingly Positive,97,Perfect Match,Self-Awareness,
Rishikesh Yadav & MC Azad,9,8.5,10,+1.5,Overwhelmingly Positive,97,Fan Favourite / Perfect 10,Season Highlight Act,
Harshini,2,9,10,+1,Overwhelmingly Positive,96,Perfect 10 / Star Performer,Most Stunning Act,
Khushi Saini,12,9.5,9.5,0,Overwhelmingly Positive,96,Season Finale Hero,Score Perfection,
Bunti Banerjee,10,9,9,0,Overwhelmingly Positive,93,Perfect Match,Consistent & Confident,
Mysterious Kaiden,10,9,9,0,Overwhelmingly Positive,92,Crowd Favourite,Concept + Execution,
Bhavya,9,9,9.5,+0.5,Overwhelmingly Positive,92,Underestimated & Delivered,Quiet Confidence,
Praveen Bhairwa,8,9,9,0,Very Positive,91,Perfect Match,Clean Closer,
Anmol Sharma,11,9,9,0,Very Positive,91,Fan Favourite,Most Complete Performance,
Kushal Bhanushali,11,9,9,0,Very Positive,91,Fan Favourite,Style + Substance,
Parneet Singh,7,9,9,0,Very Positive,90,Perfect Match,Polished Pro,
Yuvraj Gupta,12,9,9,0,Very Positive,90,Perfect Match,Finale Highlight,
Viral Mistry,8,8,9.5,+1.5,Very Positive,90,Overperformer,Episode 8 Star,
Rajesh Yadav,8,8.5,9.5,+1,Very Positive,89,Overperformer,Back-to-Back 9.5,
Bacha (Rohit),4,8.5,9.5,+1,Very Positive,89,Overperformer,Episode 4 Standout,
Sharon Verma,6,8,9.5,+1.5,Very Positive,89,Overperformer,Episode Opener Excellence,
Ansh Das,6,9,9.5,+0.5,Very Positive,88,Episode Closer,Ep6 Pillar,
Manmeet Singh & Karan,7,8,9,+1,Very Positive,88,Group Favourite,Episode Closer,
Hard Shivam,4,9,9,0,Very Positive,88,Perfect Match,Precision & Delivery,
Twins,1,9.6,9.6,0,Very Positive,87,Crowd Favourite,Opening Season Energy,
Simran & Siddhant,1,7.6,9.3,+1.7,Very Positive,87,Biggest Overperformer Ep1,Hidden Gem,
Decibel Crew,1,10,9.3,-0.7,Very Positive,86,High Scorer,Group Energy,
Toshika Bisht,7,8.5,8.5,0,Very Positive,86,Perfect Match,Self-Aware & Consistent,
Sevarshi Barua,6,8.5,8.5,0,Very Positive,85,Perfect Match,Reliable Midcard,
Amber Sharma,8,8.5,9,+0.5,Very Positive,85,Slight Overperformer,Satisfying Arc,
Pranav & Advaya,3,8.5,9.5,+1,Very Positive,85,Best Ep3 Act,Robbed of a 10,
Shweta Singh,5,7.5,8,+0.5,Positive,83,Solid Performer,Stage Presence,
Sourav Vaishnav,5,8.5,8.5,0,Positive,83,Perfect Match,Fan Underrated Pick,
Suryansh Tiwari,3,8,8,0,Positive,82,Perfect Match,Grounded & Skilled,
Ayush Sharma,7,8,8.5,+0.5,Positive,81,Solid Opener,Episode 7 Tone-Setter,
Harsh Kala,2,10,9.5,-0.5,Positive,81,Bold Self-Score,Audacious & Delivered,
Sarvesh,2,8.5,8,−0.5,Positive,80,Consistent Performer,Slightly Overconfident,
Suryansh & Veer,2,8,8,0,Positive,80,Perfect Match,Solid Group Act,
Kayos,1,8.5,8,−0.5,Positive,79,Criminally Underrated,Debut Episode Energy,
Ankush Langote,11,8.5,8,−0.5,Positive,79,Clean Match,Calm & Consistent,
Dechen Kirangi Lama,11,7.5,8,+0.5,Positive,79,Underestimated,Humble & Overdelivered,
Mohammad Adil,11,9,8,−1,Positive,78,Slight Overconfidence,Assured Presence,
P. Santosh Patra,6,8.5,9,+0.5,Mixed,68,Controversial,Good Act / Problematic Context,
Vedant Modi,1,7.8,7.8,0,Positive,77,Perfect Match,Accurate Self-Assessment,
Rohan,12,9,8.5,−0.5,Positive,77,Strong Opener,Potentially Underscored,
Bharat ka Oscar,4,7,7.5,+0.5,Positive,76,Best Name in Show,Fun Energy,
Jyoti Sharma,1,6,6.5,+0.5,Positive,74,Self-Aware,Clean Early Act,
Anant Upadhyay,2,8,7.5,−0.5,Positive,74,Longest Slot,Big Presence / Gap Noted,
Shivani Rai,4,9,8.5,−0.5,Positive,74,Consistent Queen,Ep4 Best Female Act,
Deepak Yadav,3,7,7,0,Positive,73,Perfect Match,Grounded,
Raksha Tomar,8,6.5,6,−0.5,Positive,70,Humble Self-Scorer,Rare Humility,
Malay Mudra,10,7.5,5.5,−2,Mixed,52,Over-scorer,Judges Unimpressed,
Prateek Vinod,10,8.5,7,−1.5,Mixed,55,Overconfident,Format Exposed,
Nikhil Ing,5,8.5,6,−2.5,Mixed,52,Gap Contestant,Painful but Fair,
Rahul Singh,10,8.5,6,−2.5,Mixed,50,Over-scorer,Judges Too Tough?,
Monal Koli,12,8.5,6.5,−2,Mixed,55,High Aspirations / Low Delivery,Tough Finale Room,
Saubhagya Jindal,3,8.5,6,−2.5,Mixed,50,Overconfident,Classic Ep3 Weakness,
Ritik Kadam,3,7.5,6,−1.5,Mixed,55,Slight Overconfidence,Judges Were Harsh,
Gaurav,2,0,7,+7,Positive,72,Most Humble Contestant Ever,0 Self-Score Moment,
Madhura Joshi,8,8.5,5.5,−3,Mixed,48,Biggest Ep8 Gap,Tough Room,
Shahid Khan,4,8,5,−3,Mixed,44,Over-scorer,Judges Disagreed Strongly,
Kiran Holkar,4,10,5,−5,Mixed,38,Extreme Over-scorer,Delusional but Endearing,
Yash Sharma,9,7.5,6,−1.5,Mixed,52,Slight Gap,High Bar Episode,
Fitoor,12,7.5,4.5,−3,Mixed,38,Biggest Ep12 Gap,Shocked Score Reveal,
Puneet Malhotra,4,9.5,2,−7.5,Negative,22,Biggest Gap in Season,Most Roasted Contestant,
Vedant Agarwal,1,7.9,0,−7.9,Negative,18,Zero Avg / Most Roasted,Season's Biggest Drop,
Prem,2,2,3.5,+1.5,Mixed,48,Lowest Self-Score,At Least Self-Aware,
Utkarsh Jhole & Sanjana Chatwani,5,9,5.5,−3.5,Mixed,40,Overconfident Duo,Big Gap,
Mukul Vinja,1,8.3,3.6,−4.7,Negative,30,Heavily Roasted,Ep1 Comedy Lowlight,
Sandeepan Ganguly,1,8.5,7.1,−1.4,Slightly Negative,60,Slight Gap,Painfully Accurate Format Moment,
Yash Sharma,9,7.5,6,−1.5,Mixed,52,Moderate Gap,Competitive Episode,
Vishesh Rai,7,8.5,6,−2.5,Mixed,48,Overconfident,Judges Not Convinced,
Devpreet Bhavsar,3,8.5,6.5,−2,Mixed,50,Gap Contestant,Self-Confidence vs Reality,